name,cluster
Trivarietal,0
Kona Red Bourbon,0
Kenya Gatuya,0
Kenya Gicherori,0
Jamaica Blue Mountain,0
Nyeri Hill Kenya,0
Ethiopia Wegida Natural,0
Honey Typica,0
Mexico Ozolotepec,0
Gesha Rebecca Natural,0
Nicaragua Yellow Pacamara Natural,0
Gachatha Kenya,0
Colombia Java El Eden,0
Colombia Tolima Geisha,0
Ethiopia Gatame Muka Natural,0
Ethiopia Gedeb Worka Sakaro,0
Yemen,0
El Floral Colombia,0
Colombia Pink Bourbon El Corazon,0
Esperanza Bourbon,0
Nano Challa #6 Ethiopia,0
Karani Kenya,0
El Salvador Las Mercedes La Avila,0
Ethiopia Kochere Washed Saona Lot,0
Kenya Karuthi AA,0
Brazil Recreio Selectivo,0
Kenya Ruthaka Peaberry,0
Mojave Vault Series Geisha Natural,0
Kenya Baragwi Guama AB,0
Ethiopia Washed Shantawene,0
Colombia La Cabana,0
Kenya Nyeri AA Hercules,0
Kenya Karindundu AB,0
Kenya Kiambu AB Top Lot,0
Ethiopia Hambela Alaka,0
Honduras Reserve Luis Nolasco Nanolot,0
Ethiopia Banko Gotiti,0
Ethiopia Sidamo,0
Colombia Asobombo Inza,0
Colombia La Victoria,0
Guatemala Carlos Rivas,0
Empress Kenya,0
Rwanda Gatare Natural,0
Nano Genji Agaro Gera,0
Kenya Kamgogo Small Lot Reserve,0
Ethiopia Keramo Washed,0
Rwanda Nyamagabe Kigeme Lot #4,0
Ethiopia Sidama Naia Bombe Dry Ferment Vertical Reserve,0
Kenya Nyeri Gathaithi,0
Cordillera del Fuego Costa Rica Anaerobic,0
Malaysia Sabah Honey,0
Ethiopia Yirgacheffe GR1 Bedhatu Jibicho Washed,0
Organic Ethiopia Yirgacheffe FTO,0
Kenya Nyeri Yerihar AA Top Lot 21/01,0
Colombia Pink Bourbon,0
Guatemala Concepción Buena Vista,0
Mbeguka Kenya,0
Ethiopia Herfusa Single Variety Natural,0
Puna Champagne Natural Anaerobic,0
Karamo Ethiopia,0
Kenya FSC AB,0
Ethiopia Mulegeta Sintayehu Washed,0
Guatemala (from bulk bin),0
Ethiopia Natural Yirgacheffe Blue Donkey Lot #2,0
Rukira Kenya,0
Ethiopia Natural Yirgacheffe Banko Gotiti,0
Kenya Karindudu AA,0
Kenya Kimaruri,0
Sumatra Pantan Musara,0
Ethiopia Yirgacheffe Chelelektu Natural,0
Burundi Mikuba Honey Microlot 1,0
Ethiopia Tamiru Tadesse Anaerobic,0
Kona Classic Black Rock Farm,0
Kenya Nyeri Gatomboya,0
Ka’u Giant Maragogipe,0
Peaberry Medium Roast,0
Typica Natural,0
Ethiopia Washed Yirgacheffe Nafasha Lot,0
Hawai’i Ka’u Typica Anaerobic Washed,0
Kenya Kiambu Uklili AA,0
Nano Genji #7,0
Rwanda Natural Rutsiro Bugoyi 60-hour Fermentation,0
Gesha Village 1931 Lot 27,0
Kenya Lenana AA Plus,0
Geisha XO,0
Bolivia Apolo Latin America Microlot,0
Ethiopia Natural Guji Kercha Lot Riverside,0
Flowery Nekisse,0
Panama Baru Geisha Black,0
Ethiopia FTO,0
Rwanda Triple-Washed,0
Panama Cantar Dorado Ruisenor,0
Ethiopia Anaerobic Natural,0
Ethiopia Kayon Mountain Washed,0
Kenya Gatomboya,0
Guatemala Huehuetenango Miralvalle Washed,0
Ethiopia Guji Laayyoo Natural,0
Gatugi Triple,0
Finca Santa Isabel,0
Gelena Geisha,0
Ethiopia Gera Limmu Oromia,0
El Salvador Finca Nombre de Dios Honey,0
Phu-Long-Kong,0
Guatemala Acatenango Gesha Lot #209,0
Ethiopia Yirgacheffe Cleopatra Natural,0
Ethiopia “Ear Candy” Uraga Guji,0
Thailand Pink Valley Natural,0
Kona Pointu Laurina,0
Minas Gerais Isaias Ferreira No. 2,0
Hunkute by Nordic Approach,0
Ethiopia Bench Maji Gesha Special Natural Lot 03,0
La Joya,0
Ethiopia Hateso Guji Washed,0
Brazil Chapada Diamantina Fazenda Floresta,0
Panama Mama Cata Typica,0
Mandheling Onan Ganjang,0
FTO Ethiopian,0
Ethiopia Gogogu Bekaka #4,0
Ethiopia Natural Yirgacheffe Adado Shara,0
Karen J Kona Red Bourbon Natural Anaerobic,0
Tano Batak Sumatra,0
Burundi Buhorwa,0
Kiniyota Burundi,0
Kenya Nyeri,0
Gedeb Ethiopia,0
COE Brazil Naturals 2017 Sitio Esperanza 7th place,0
Kenya Nyeri Asali Peaberry,0
Finca El Pintado,0
Andi Sumatra,0
El Salvador Finca El Cerro Pacamara Black Honey,0
Ethiopia Misti Valley,0
Costa Rica La Pastora Honey,0
Uluwehi Farm Kona SL34 Yeast-Fermentation Washed Peaberry,0
Blue Label La Esmeralda Porton Pascua Gesha,0
Static Kenya Kavutiri,0
Kenya AA Top Gachatha,0
Colombia La Virgen Microlot,0
Guji Hamasho Washed,0
Static Colombia Decaf Midnight,0
Ethiopia Nectar Natural,0
Colombia El Obraje Gesha,0
Sabana Redonda SL28 Costa Rica,0
Honduras Finca Cerro Azul Yellow Pacas,0
Ethiopia Sidama Ardi,0
Rayo del Sol,0
Finca La Aurora Camilina Geisha,0
Ethiopia Violent Andromeda Natural,1
Karindundu Kenya,1
Ethiopia Shantawene Washed,1
San Sebastian Colombia,1
Zambia Mafinga Hills Natural,1
Ethiopia Oromia Anaerobic Natural,1
Kona Medium-Dark Roast,1
Yemen Jabal Nabi Special Reserve,1
Gesha Village Single-Variety Gesha Special Selection,1
Colombia Finca Lord Baltimore Papayo,1
Sumatra Kerinci Highlands Honey,1
Costa Rica Anaerobic,1
Organic Suke Quto Ethiopia,1
Ethiopia Honey Yirgacheffe Koke,1
Colombian,1
Burundi Kibingo,1
Kenya Kiambu AB Uklili 1905 Lot,1
Ethiopia Natural Guji Uraga G1 Lot 20-05,1
Ethiopia Natural Guji Hambella Wate Peaberry,1
Santa Elena Colombia Caturra Natural,1
Ka’u Lehua Black Honey,1
Sítio Pedra Menina,1
Ethiopia Natural Hambela Wate,1
Colombia Finca El Caucho Pink Bourbon,1
Kakalove Ethiopia Natural Yirgacheffe Boyrfi,1
Kona SL34 Sweet Spot,1
Costa Rica Los Torres Microlot Black Honey,1
Colombia Wush Wush Dynamic Natural,1
S.O. Espresso Brazil Fazenda Cachoeira Yellow Bourbon,1
Guatemala Acetenango Gesha Lot 2,1
Ethiopia Guji Darii Kojowa Grade 1,1
Ethiopia Tamiru Tadesse Tesema Anaerobic Natural,1
Panama Abu Geisha Lot 6,1
Panama Finca Deborah Afterglow Geisha Natural,1
Castillo El Paraiso,1
Ethiopia Yirgacheffe G1 Natural Asfaw Maru,1
Organic Ethiopia Agaro-Nano Challa,1
Indonesia Lintong Mandheling,1
Ethiopia Sheka Kawo Kamina Natural,1
Papua New Guinea Baroida Honey,1
Benti Nenqa #209 Ethiopia,1
Colombia Cauca El Paraiso,1
Ethiopia Sidama Bona Sweet Natural G1,1
Thailand Doi Pangkhon Dark Roast,1
Ethiopia Chelbessa Danche,1
Kenya Auction Lot,1
Private Reserve Ethiopia Barrel-Aged,1
Ethiopia Gediyo Kochere Shifo Washed G1,1
Colombia Finca La Primavera Sidra,1
Kenya Kirinyaga Kabare Karani AA,1
Sidama Extreme Papilio Natural,1
Indonesia Sumatra Natural Aceh Musara SC19,1
Kenya Wachuri,1
Honduras Anaerobic Natural,1
Haraaz Red,1
Ethiopia Shantawene,1
Panama Mama Cata Geisha Champagne Natural,1
Buna Boka #1,1
San Diego Natural,1
Ethiopia Bombe Mountains,1
Tanzania Peaberry,1
Haraaz Red Yemen,1
Ethiopia Dur Feres Natural,1
Cual Bicicleta,1
Honduras Relationship Coffee Norma Lara,1
Peru San Ignacio Calazobo Lot 2 FTO,1
Ethiopian Yirgacheffe Natural,1
Kona Red Bourbon Anaerobic Washed Uluwehi Farm,1
Ka‘ū Tropical Punch Washed,1
Kona Lactic Natural Black Rock Farm,1
Kona Tropical Punch Washed,1
Red Bourbon Natural Exclusive Reserve,1
Panama Abu Natural ASD Geisha BOP GN11,1
Ethiopia Halo Hartume Daniel Mijane,1
Taiwan Natural Alishan Zhuo-Wu Farm Geisha,1
Gayo Mandheling Specialty Coffee,1
El Salvador Geisha Natural,1
"DR Congo, Gera Village, SOPACDI",1
Ethiopia Shakiso Natural,1
Ethiopia Haro Guta Natural,1
South Africa Elephant Coast Estate Coffea Racemosa,1
Kenya Washed Peaberry Rnyeusi,1
Estelí Nicaragua,1
Ka’u Bourbon Champagne Natural,1
Colombia Ibague Tolima,1
Ethiopia Guji Super-Natural Decaf Water Process,1
Shakiso Natural,1
Ethiopia Guji Buku,1
Wush Wush Ginbo Keffa Ethiopia,1
Honduras COMSA Natural,1
Costa Rica Anaerobic Cordillera de Fuego,1
La Esperanza Colombia Estate,1
Ka‘ū Lactic Natural,1
Ethiopia Guji (Rose Selection),1
Philippines Sitio Belis 1014,1
Colombia Jardines del Eden Pink Bourbon Wine Yeast Honey,1
Bombe Natural Sidama,1
Ethiopia Yirgacheffe Botabaa G1,1
Honduras Las Flores Parainema,1
Kona Liberica Champagne Natural,1
Foothills Series Hambela Ethiopia,1
Kenya AA,1
Ethiopia WORKA,1
Costa Rica Cerro Dragon Geisha Honey,1
Colombia El Paraiso Floral Lychee,1
Costa Rica Canet Musician Mozart,1
Kiunyu Peaberry,1
Costa Rica Geisha Honey COE 2018 2nd Place,1
Nicaragua La Benedicion Pacamara,1
Yemen Mocca Matari,1
Ecuador COE 1st place Arashi Typica Mejorado Washed,1
Kona Naturals,1
Yemen Mocha Khulani,1
Borneo Sabah Arabica,1
Colombia Lagoon Java Anaerobic,1
Colombia La Palma Y El Tucán Gesha Natural,1
Boru Batak Sumatra,1
Sumatra Aceh Gayo Mountain Kenawat Raisin Honey,1
Ethiopia Gera Reserve Anaerobic Natural,1
Peru La Salina,1
Costa Rica La Rejolla Washed Geisha,1
Tanzania Tarime AB,1
Ethiopia Guji Uraga More Floral Kudume Natural,1
Gigesa Natural,1
Mellower Blend,1
Peru Natural Utcubamba,1
El Salvador El Matazano Pacamara,1
Kenya AA TOP Nairobi Rose,1
Kenya Konyu,1
Kenya Gatuyaini,1
Organic Ethiopia Sidama Natural,1
Ethiopia Washed Guji Uraga Welichu,1
Yemen Port of Mokha Al-Durrar,1
Ethiopia Sidamo Shakiso Danbi Uddo Mulish Natural G1,1
Dodora Double,1
Ethiopia Guji Deri Korcha White Honey,1
Yemen Sana’a,1
Icamiabas Fazenda Klem Catuaí Natural,1
Colombia Gesha,1
Panama Auromar Estate Geisha Peaberry,1
Port of Mokha Auction Lot 19: Mohamed Ahmed Al Rumaim,1
Ethiopia Agakiso,1
Candelilla Geisha Natural,1
Haraz Special Red Yemen,1
El Peñon Nicaragua,1
Civet Ethiopia Papilio Sidamo,1
Fazenda Recreio Bourbon Pulped Natural,1
Ethiopia Guji Uraga Wolichu Wachu Anaerobic Natural Process,1
Kenya Nyeri Rumukia Peaberry,1
Sumatra Lintong,1
Ethiopia Bensa Segra Natural,1
Colombia Castillo Fruit Maceration Series (Peach),1
Colombia Castillo Fruit Maceration Series (Grape),1
Colombia La Esperanza Anaerobic,1
Nicaragua Jinotega Hacienda La Bastilla Blue Candy Natural,1
Ethiopia Guji Laayoo Natural,1
Colombia Finca Samboni Gesha Anaerobic Natural,1
Kenya Muranga Gondo,1
El Salvador Loma La GLoria Natural,1
Burundi Nkonge Hill Red Honey,1
Guatemala Don Angel,1
Banko Gotiti Natural,1
Cafe Granja La Esperanza Sudan Rume,1
DR Congo FTO Bourbon SOPACDI,1
Guatemala Santa Felisa Wild Yeast Natural Gesha,1
Ethiopia Oromia Guji Washed,1
El Jocote Natural,1
Colombia Manos Juntas,1
Colombia Antioquia Magico,1
Ecuador Loja Clara Sidra Natural Taza Dorada #2,1
Colombia Valle del Cauca Cerro Azul Geisha,1
Rwanda Kinini Village Natural,1
Sumatra Aceh Gayo Mountain Musara Honey Process,1
Colombia Huila Finca Villabetuila Anaerobic Honey,1
Ethiopia Botabaa,1
Ethiopia Yirgacheffe Worka Gotiti Natural,1
Ethiopia Sidamo Washed,1
Tres Dragones Colombia,1
Papua New Guinea Baroida Estate Natural,1
Ethiopia Lecho Torka,1
Papua New Guinea Timuza,1
Tanzania Ngila Estate SL28,1
Las Flores Colombia,1
Ethiopia Yirgacheffe Worka Sakaro Anaerobic,1
La Avila SL28 El Salvador,1
Ethiopia Natural Guji Blue Donkey 21/01,1
Gesha Village Natural Lot #19,1
Panama Elida Washed Gesha,1
Rwanda Karambi Station Natural,1
Ethiopia Uraga Washed G1,1
El Salvador Finca La Esperanza,1
Ethiopia Anasora Extended Natural Special Lot,1
Kenya Kainamui AB,1
Ethiopia Guji Hambela G1 Kudume Wolicho Honey,1
Ethiopia Guji Wush Wush,1
Nicaragua La Bastilla Estate Anaerobic,1
Philippines Sitio Naguey Natural,1
Panama Static Gesha Natural,1
Colombian Supremo,1
Ethiopia Durato Bombe Natural,1
Elida Natural ASD (Panama),1
Ethiopia Shantawene Natural,1
Berg Wu Championship Selection Yirgacheffe G1 Natural Lot 19/01,1
Ka’u Champagne Natural,1
El Salvador Pacamara Honey,1
Ethiopia Bedessa,1
ASOPCAFA Colombia,1
Costa Rica Bounty Gesha,1
La Palma Y El Tucan Hero Series Colombia Sidra Lot #190,1
Panama Esmeralda Geisha Portón Oro Yeast,1
Kenya Kiambu Gititu AA,1
Costa Rica Farmer’s Project,1
Ethiopia Guji Natural Anaerobic Wush Wush G1,1
Ethiopia Sidama Bona Sweet Natural,1
Kenya,1
Karimikui AA Kenya,1
Peru Natural Jose Herrera Lot 21,1
Panama Elida Natural Catuai,1
Ethiopia Washed Botabaa G1 Lot.22/01,1
Ethiopia Yirgacheffe G1 Idido Natural,1
Crystalina,1
Guatemala San Cristobal,1
Ethiopia Guji Shakiso Dambi Udo Natural Anaerobic,2
Panama Elida Estate Washed,2
El Salvador Finca Hungria,2
Kona Maragogype Natural,2
Brazil COE,2
Ethiopia Sidamo Euphora Special Lot,2
Kona Red Wine Process,2
Panama Hacienda La Esmeralda Ethiopia Accessions,2
Ethiopia Gera Limu,2
Hung Farm,2
Kenya Karatina,2
Bourbon Pointu Natural,2
Private Reserve Panama La Huaca,2
Honduras Los Amigos,2
Ethiopia Wush Wush G1,2
Papua New Guinea Sigri Estate Medium Roast,2
Panama Finca Santa Teresa Summer Gesha,2
Panama Finca Los Lajones Natural,2
Sumatra Ketiara,2
Pink Bourbon Natural Anaerobic Colombia,2
Colombia Finca El Vergal Geisha/Java Natural,2
Ethiopia Wuri Washed,2
Aged Sumatra Ulos Batak 2015,2
Yemen Mocha Harazi,2
Thailand Huai Mae Liam White Honey,2
Colombia Finca Santa Maria,2
Colombia Black Condor,2
Guatemala Villatoro Anaerobic,2
Rwanda Dukunde Kawa,2
Ethiopia Yirgacheffe Botabaa Washed G1 21/01,2
Costa Rica Black Honey,2
Haitian Blue Zombie Desert,2
Sadah Kuhlani Yemen,2
Ethiopia Washed Sidama Nafasha 74158 21/01,2
Ethiopia Tibe Haro Uraga,2
Taiwan Natural Alishan TFU’YA Kakalove Lot,2
Ethiopia Yirgacheffe G1 Mulugeta Tsige,2
Banti Nenga Hambela Wamena,2
Harimau Tiger Sumatra,2
Santuario Gesha #113 (Innovation Series),2
Colombia Cardona Natural,2
Rwanda Sholi,2
Wilton Benitez Geisha,2
Bright Minds,2
Ethiopia Haro Wachu,2
Kenya Karindundu AA Small Lot Reserve,2
California Grown,2
Bolivia Yungas Caranavi Alasitas Geisha Natural,2
Ecuador Los Eucaliptos,2
Colombia Monteblanco Purple Caturra Natural,2
Kenya Safari AB Top,2
Ethiopia Natural Guji Hambela G1 Bishan Fugu,2
Ketiara Sumatra,2
Sumatra Tano Batak,2
Café Granja La Esperanza Sudan Rume Natural,2
Bufcafe Rwanda,2
Ethiopia Sidama Shantewene,2
Kenya Murang’a Githiga AA,2
Yemen Matari,2
Colombia Tolima Monteverde Estate Natural Wush Wush,2
Colombia Las Joyas: Fidencio Martinez Lot,2
Estate-Grown Mamo,2
Ka’u Natural,2
Puna Barrel-Aged,2
Monarch Gesha,2
Natural Burundi Nemba,2
Rukera Kenya,2
Kenya Handege,2
Geisha Village Auction Lot #11,2
Kenya Chania Estate,2
Ethiopia Natural Yirgacheffe Blue Donkey Lot,2
José Flores El Salvador Natural,2
Finca San Antonio El Salvador,2
Panama Ninety Plus Perci Lot 50,2
Finca Kilimanjaro Natural,2
Ethiopia Banko Dhadhato Washed,2
Mama Cata Geisha Washed,2
Los Congos Pacamara Honey,2
Kenya Thaitu,2
DR Congo Virunga Organic,2
Kenya Karinga,2
Costa Rica Sonora Estate Venecia Natural,2
Indonesia Emerald Mandheling,2
Gaitania Colombia,2
Ethiopia Natural Sidamo Papilio,2
Ethiopia Dumerso Light Roast,2
Kenya Gura AA,2
Kenya Nyeri Gatugi Peaberry,2
Lotus by Ninety Plus,2
Burundi Gahahe Washing Station Microlot Honey,2
Burundi Gaharo Hill Long Miles Coffee Project Natural,2
Sumatra Batak Naga Saribu,2
Ethiopia Guji Natural Dasaya G1,2
Sumatra Batak Naga Saribu M-Plus,2
Static Chirinos Peru,2
Guatemala Finca Las Terrazas,2
Colombia Jairo Alcaraz,2
Ethiopia Gotiti Natural,2
Ethiopia Yirgacheffe Natural,2
Berlina Geisha,2
Tarime Tanzania,2
Roba Ethiopia (Chelbessa),2
Kenya Mwiria,2
Kenya Gikirima Kibugu,2
Kibugu Kenya,2
Panama Finca Lerida Geisha Black Honey,2
Auromar Geisha Natural,2
Colombia Antioquia Natural Carbonic Maceration Caturra,2
Talquezalar El Salvador,2
Ethiopia Sidamo Gora Kone,2
Ethiopia Gera Estate Natural,2
Limu Ethiopia Natural,2
Kenya Nyeri AB Nyeshun,2
Ethiopia Kayon Mountain (Natural),2
Kona Champagne Natural Black Rock Farm,2
Honduras San Vincent,2
Hawai’i Kilauea Volcano Yeast Fermentation Washed,2
Honduras Buenos Aires,2
Taiwan Natural Medium Roast,2
Kenya Rungeto,2
Kenya Kirinyaga Kii,2
Colombia Tolima,2
Ethiopia Guji 1 Natural Hambela Lot 215,2
Costa Rica Cordillera del Fuego,2
Ethiopia Natural Guji D Minor Special Lot,2
La Esperanza Colombian Natural X.O.,2
GW01 Finca Sophia Olympus Geisha,2
Tigesit Waqa,2
Shantawene Ethiopia Daya Bensa Natural,2
Finca Sophia Gesha Washed,2
Ethiopia Natural Guji Blue-Donkey 2020,2
Panama Finca Minerva-Mirage Pacamara BOP PAC04,2
Natural Typica Anaerobic,2
Jose Cienfuegos Mexico,2
Ethiopian Guji Ana Sora Alcoholic Natural G1,2
Costa Rica Cumbres Del Poas Anaerobic,2
Coral,2
Thailand Robusta Panid Choosit,2
Berg Wu Championship Sidamo Washed G1 Lot 20-02,2
Kilauea Volcano Champagne Natural,2
Ethiopia Guji Shakisso Natural Lot 24,2
Ethiopia Guji Hambela Buku Abel Natural G1,2
Sumatra Gayo G1 Triple-Picked Lot 005,2
Panama Geisha Alto Jaramillo,2
Panama Finca Kalithea Natural Geisha,2
Colombia Finca La Maria Geisha Natural,2
Best of Panama GNEP-01 Elida Geisha Green Tip Natural,2
Guatemala Washed Finca El General Pache,2
Ethiopia Sidama Naia Bomb Natural Vertical Reserve,2
Panama Hacienda La Esmeralda Super Mario Geisha,2
Washed Kenya,2
Elida Estate Geisha Green-Tip Natural,2
Costa Rica Brunca Finca Vista Passion Honey,2
Ethiopia Yirgacheffe Adorsi,2
Ethiopia Anaerobic,2
Panama Perci Geisha Natural,2
Panama Elida Geisha Natural 1029,2
Ethiopia Yirgacheffe Washed,2
Madagascar Yellow Bourbon Santatra Coop,2
100% Guatemalan,2
Idido,2
Ethiopia Sidama Anaerobic,2
Kenya Kevota Makengi,2
Kona Laurina Pointu,2
Colombia San Pascual Natural,2
Colombia Granja La Esperanza Tres Dragones,2
Congo Boza,2
Ethiopia Sidama Bombe Natural,2
DR Congo Muungano Co-op South Kivu,2
Monteblanco Cold Fermentation Geisha,2
DR Congo Muungano,2
Coffea Diversa Liberica Carbonic Maceration,2
Costa Rica Hacienda Tobosi Copey Villa Sarchi Black Honey,2
Abu Natural Panama Geisha,2
Finca Potosi Anaerobic,2
Rwanda Gasharu Natural,2
Ethiopia Keramo Natural,2
Kenya Gachatha Nyeri,2
Sumatra Siamang Forest,2
Ethiopia Bench Maji Gesha Village Dimma Illubabor Forest A6 Natural,2
Organic 18 Rabbits Honduras,2
Costa Rica Canet Raisin Honey,2
Ethiopia Natural Sidama TAMIRU 74158,2
Colombia La Estrella Carbonic Maceration,2
Peru Incahuasi,2
Mama Cata Mokkita,2
Nicaragua Flor de Dalia Natural,2
Kahiko,2
Pacas Estate El Salvador Natural,2
Puna Arakawa Estate Lactic Natural,2
Kona Noir,2
Ethiopia Natural Sidama Abebe 74110,2
Ethiopia Buno Dambi Uddo,2
Karatina Kenya,2
Finca Buenavista Edwin Zambrano Colombia,2
Colombia La Siria Geisha,2
Ethiopia Guji Odo Shakiso,2
Colombian Anaerobic,2
Colombia Pink Bourbon Filadelfia,2
Nicaragua Selva Negra,2
Ethiopia Microanaerobic Geisha,2
COE Sidama Bona 74110,2
Ethiopia Hambela Goro,2
Nicaragua Los Pedernales,2
Colombia Geisha,2
Ethiopia Bekele Heto Natural,2
Colombia Don Ruiz Anaerobic,2
Costa Rica La Toboba Red Honey,2
Guatemala Tojquia,2
Ethiopia Hambela Tetsu Process,2
Las Moritas Yellow Caturra,2
Finca San Carlos,2
Peru Gesha Limited-Release Homer Alarcón Gayoso,2
Ethiopia Odola Washed,2
Costa Rica Luis Campos Termico,2
Papua New Guinea Wahgi Valley Sigri Estate Peaberry,2
El Triunfo Mexico,2
Colombia Castillo Fruit Maceration Series (Strawberry),2
Colombia Castillo Fruit Maceration Series (Passionfruit),2
Ethiopia Gera Estate Anaerobic Natural,2
Cattleya Blend,2
Yemen Al Mashtal Al Burhani,2
Costa Rica Volcan Azul San Isidro Red Honey,2
Colombia Cauca Finca El Paraiso Rose Tea,2
Symphony Costa Rica Canet Caturra Raisin Honey,2
Guatemala Washed El Injerto EI05 Mocca,2
Taiwan Natural Alishan Zhuo-Wu Geisha,2
Ethiopia Natural Guji Uraga Tome 74110 Lot K06,2
Ethiopia Banko Gotiti Daniel Mijane,2
Colombia Finca El Paraiso Castillo Red Plum,2
Colombia Tres Dragones,2
Ninety Plus Panama Gesha Estate MS Joseph Brodsky 2307,2
Ruby Sweet Lychee,2
Ethiopia Sidama Durato Bombe,2
Holiday Reserve Roast — Costa Rica Termico,2
Nicaragua Jinotega Fincas Mierisch La Escondida Red Pacamara,2
Guatemala Valentón,2
Ethiopia Guji Uraga Tobutu Tuta G1 Experimental LOT 181NA2021,2
Honduras Roberto Figueroa,2
Colombia Finca El Paraiso Geisha Letty,2
SÖT Coffee Roaster Colombia Wush Wush Dynamic Natural,2
Costa Rica Las Lajas Perla Negra,2
Yemen Mokha Matari,2
Kenya Gachatha Nyeri AA,2
Tropical Summer Colombia La Sierra,2
Yemen Port of Mokha Al-Jabal,2
Costa Rica Cattleya Anaerobic,2
Colombia Planadas Ibague,2
Ethiopia Anaerobic Shantawene,2
Ethiopia Natural Guji Dasaya SP,2
Costa Rica San Gabriel SL28 Anaerobic Natural,2
Hawaii Ka‘ū Bourbon Anaerobic Natural,2
Peru Pangoa,2
Garden of Eden,2
Ethiopia Honey Process Tamiru Tadesse,2
Ethiopia Shantawane Buncho Honey,2
Indonesia Sumatra Kerinci Valley,2
Aged Sumatra Semiga,2
Yemen Haraaz Red Mahal Aqeeq ul Station Natural,2
Ethiopia Raro Boda,2
Colombia Geisha Cordillera,2
Guatemala Antigua Pastores,2
Honduras COMSA Oscar Omar Alonzo,2
Peru Garden of Eden Farcent Geisha Anaerobic Washed,2
Ethiopia Yirgacheffe,2
Ethiopia Sidama,2
Ethiopia Halo Beriti,2
Costa Rica La Chumeca,2
Yemen Mocha Haimi,2
Red Sunset by Andres Cardona,2
Colombia Laboyano,2
Ethiopia Natural Guji Hambela SASA Lot 10,2
El Salvador Monte Verde,2
Bait Alal Community,2
Kenya Rugeto Peaberry,3
Kenya Gathaithi AA,3
Gatomboya Kenya,3
Panama Pacamara Natural,3
Costa Rica Cloza Estate,3
Ethiopia Gedeo Kochere Reko Natural,3
Burundi Natural Anaerobic Kibingo,3
Kona Double-Washed Black Rock Farm,3
Ethiopia Guji Washed G1 Uncle Select Lot 21/01,3
Kenya Kabingara,3
Nyakibanda Rwanda,3
Butare Huye of Rwanda,3
El Salvador Finca Las Duanas,3
Papua New Guinea Baroida Washed,3
Ethiopia Natural Guji Lot D Minor,3
El Salvador La Guachocha,3
Ethiopia Sidama Keramo Village,3
Costa Rica Los Cedros,3
Ethiopia Neja Fadil,3
Elida Estate Geisha Natural Dragonfly Reserve,3
Congo Muungano,3
Peru Buena Vista Valerio Almanza Ccahua,3
Kenya Kiambu “Summer Love”,3
Burundi Kabarore Commune,3
Ethiopia Sidamo Yirgalem,3
Ethiopia Natural Guji Morel Floral Kudume,3
Kenya Kibirigwi Thunguri,3
Ethiopia Yirgacheffe Worka Sakaro,3
Costa Rica Central Valley Brandy Ball,3
Peru Jheyner Roman,3
Ethiopia Idido Wegida,3
El Salvador Finca Himalaya Pacamara,3
Ethiopia Nansebo Worka,3
40-Hour Ethiopia Girma Eshetu,3
Y-3 Geisha Hacienda Esmeralda,3
Ethiopia Dimtu,3
Port of Mokha Yemen JSP,3
Gachami Kenya,3
Nano Challa,3
La Esperanza Borbón,3
Hacienda Esmeralda Ethiopian Accessions,3
Kebele Village Ethiopia,3
Papua New Guinea Baroida Natural,3
Panama Finca San Sebastian,3
Rwandan,3
Panama Elida ASD Natural,3
Ka’u Typica Natural,3
Mexico Nyarita Canela,3
Rwanda Nyarusiza Station,3
Guo Mei Zhu,3
Ethiopia Guji Uraga Wolisho Natural,3
Taiwan BA LU NA,3
Peru Washed Santa Monica Gesha,3
Ethiopia Kayon Mountain,3
Costa Rica Coto Brus-La Amistad,3
Colombia Huila Geisha Las Mieles,3
Ethiopia Yirgacheffe Natural Haru Suke G1,3
Ethiopia Hambela 1 Organic Natural Alaka,3
Halo Hartume,3
Ethiopia Guji Queen Honey,3
El Salvador Anarquia Pacamara,3
Kauai Estate Reserve Sun-Dried Typica,3
Ka’u IPA Natural,3
Monarch Estate Pacamara,3
La Esperanza Villa Sarchi,3
Yirgacheffe Gedeb G1 Natural,3
Santa Luzia Brazil,3
Honduras Blue Hole Estate,3
Ethiopia Cup of Excellence Guji Natural,3
Colombia Huila,3
Ethiopia Sidamo Bensa Asefa Dukamo Washed,3
Costa Rica Tarrazu Dota El Diosa Geisha,3
Ethiopia Washed Kochere,3
Rwanda Mushonyi,3
Colombia Diofanor Ruiz,3
Gesha Spirits,3
Oahu Triple-Bourbon “Sparkling” Yeast Ferment,3
Hernan Zuniga Ecuador,3
Karimiuki Kenya,3
Ethiopia Yabitu Koba,3
Ethiopia Sidama Telamo FTO Natural,3
Guatemala Quejina,3
Ethiopia Guji Natural,3
Finca Tasta Peru,3
Geisha Pasco Oxapampa Peru,3
Ethiopia Yirgacheffe Hama Washed,3
Colombia La Esperanza Natural XO,3
Peru Chirinois,3
Guatemala Sierra Roja Geisha,3
Kenya Thunguri AA,3
Colombia Laderas del Tapias Estate Natural Geisha,3
Kenya AB,3
Guatemala Maragogype La Providencia,3
Gesha Village Lot #85 Natural,3
Nano Challa Ethiopia,3
Ceri Ceri Meriah Coffee,3
Costa Rica Microlot Series San Cristobal Natural,3
Tanzania Sambewe,3
Ethiopia Guji Hambela Kudume Yellow Honey,3
Honduras David Mancia,3
Organic Ethiopia Shantawene Natural,3
Ethiopia Worka Natural,3
Guatemala El Injerto Natural Legendary Gesha 7,3
Seasonal Ethiopia Yirgacheffe Natural,3
Guatemala Finca El Limonar Hugo Chavez Mendez,3
Panama El Burro Estate Natural Gesha,3
Ethiopia Dry-Processed Guji Mt. Kayon,3
Finca Lerida Gesha Natural,3
Colombia Vella Black Hawk Natural,3
Ethiopia Dry-Process Benti Nenka,3
Holiday Coffee,3
Finca El Socorro Maracaturra,3
Colombia David Gomez 100% Caturra,3
Guatemala COE-NW#2 Sierra Roja Geisha Washed,3
Ecuador Quilanga Typica Yeast Fermentation,3
Burundi,3
Ethiopia Kochere Hama Jet Washing Station,3
Guatemala El Injerto Pacamara,3
Dukunde Kawa Rwanda,3
Colombia Tolima La Gallera Honey Process,3
Ethiopia Guji Natural Euphora Special Lot,3
Brazil Ipanema Premier Cru Gold A49 Cherry,3
La Naranja Honduras,3
Uganda Kapchorwa,3
Kenya AA Top Gathambi Station,3
Ethiopia Gedeb Gotiti,3
Ethiopia Natural Guji D Minor 21/01,3
Lekali Estate Reserve Nepal,3
Mahonda Burundi,3
Tanzania Acacia Hills Gesha Peaberry,3
Kenya AA Karamundi,3
Ethiopian Sweet Lily,3
Ethiopia Dumerso,3
Colombia Planadas Tolima,3
La Soledad Colombia,3
Ethiopia Natural Yirgacheffe Adado Feysa Dira,3
Mirador Colombia,3
Indonesia Flores Island,3
Colombia Cauca At’e,3
Birambo Village DR Congo,3
Costa Rica Hacienda Tobosi Villalobos Anaerobic Natural,3
Finca Merced Guatemala,3
Kariru Kenya,3
Panama Hacienda La Esmeralda Gesha,3
Auromar Gesha Natural,3
Guji Allona Ethiopia Natural,3
El Pintado Classico,3
Kakalove Taiwan Natural SL34 Alishan Ching-Ye Farm,3
Alaka Ethiopia,3
Ecuador Finca Carolina Sidra,3
Colombia La Palma y El Tucan,3
Kenya Washed Nyeri Gichathaini Factory AB,3
Ethiopia Nano Genji #4,3
Kenya Wanjengi AA,3
Finca Kusillo Bolivia,3
Colombia Luis Alberto Montoya Antioquia,3
Ethiopia Amhara Natural,3
Panama Finca Hartmann Geisha Natural,3
Brazil Pulped Natural,3
Diima #9 Ethiopia Natural,3
Elida Natural Dragonfly Lot,3
Ethiopia Hassen Ware Akrabi,3
Ethiopia BergWu SP Series: Wuri Red Cherries 19/EXP02,3
Panama Hacienda La Esmeralda Geisha Natural Special Auction ES-N-2,4
Coffea Diversa Rume Sudan Winey,4
Yirgacheffe Specialty Coffee,4
Dominican Republic Organic Ramirez Estate,4
Jacmel Haiti,4
Ethiopia Adame Garbota,4
Mario Aguilar Grand Cru El Salvador,4
Ethiopia Hambela Yellow Honey James Selection,4
Hacienda La Esmeralda Buenos Aires Geisha Natural,4
Brazil Ibicoara Chapada Diamantina Natural,4
Ka’u Oro Yeast Typica,4
Taiwan Geisha Honey,4
Zambia Kateshi Natural,4
Peru Walther Acuna,4
Saint Helena Island Peaberry,4
“Double A Train” Kenya Kabunyeria AA,4
Karen J Red Bourbon,4
Ethiopia Sidamo Bensa Mirado Natural,4
Chelbesa Ethiopia,4
Ethiopia Civet Sidama Papilio Natural,4
Barichu Double,4
Karen J Kona Red Bourbon,4
Colombia Granja La Esperanza Java Anaerobic,4
Papua New Guinea Timuza Organic,4
Ethiopia Yirgacheffe Kochere,4
Ethiopia COE 2nd place Washed Sidamo Rumudamo,4
Colombia FUDAM Nariño,4
Honduras,4
Sudan Rume,4
Colombia Finca El Paraiso Double Anaerobic Geisha,4
Costa Rica Hacienda Sonora Honey,4
Estate Medium Roast,4
Burundi Karehe,4
Washed Geisha Hacienda La Esmeralda Jaramillo Special,4
Costa Rica Las Lajas Red Honey,4
Pluma Hidalgo Mexico,4
Mexico Cup of Excellence #7,4
Burundi Kibingo Intenso,4
Colombia San Luís Gesha,4
Ethiopia Hamasho Washed,4
Colombia Monteblanco Gesha Cold Fermentation,4
Miraflores Colombia,4
Kenya Muranga Riakiberu,4
Brazil Peixoto Peaberry,4
Ethiopia Yirgacheffe Aricha G1,4
Panama Geisha Finca Debra Echo,4
Guatemala La Folie,4
Costa Rica Cordillera de Fuego,4
Organic Mexico,4
La Finca Medina of Guatemala,4
Gelena Abaya Natural,4
Yirgacheffe Mengesha Natural,4
Honduras Finca Las Moras Parainema Yellow Honey,4
La Reforma El Salvador Natural,4
Testi Ayla Double Ethiopia,4
Mexico La Peña,4
Caramel Rocher,4
Static Indonesia Toarco Sulawesi,4
Monte Alban,4
Colombia Antioqiua,4
Poas Red Honey,4
Lekali (Nepal),4
Costa Rica Tarrazu,4
Cruz Loma,4
Ethiopia Chelechele Yirgacheffe,4
El Salvador Finca El Cerro Natural,4
Kona Lactic Washed,4
Nicaragua Finca Libre,4
Ethiopia Reko Yirgacheffe,4
Taiwan Natural Alishan Ching-Ye Farm,4
Elida Estate Dragonfly Catuai Lot 13,4
Nayo Ovalle Guatemala,4
Bolivia Finca El Arcangel,4
Brazil Fazenda Samambaia Natural Fermentation Arara,4
Ethiopia Guji Gerbicho Natural,4
Nicaragua El Poste Pacamara,4
Nicaragua Finca Idealista,4
Cordillera del Fuego Costa Rica Termico,4
Coffea Diversa Bourbon Rey Guatemala,4
Las Gravilias Costa Rica,4
Nicaragua La Huella Catuaí,4
Rus & Alla Ka’u,4
Ethiopia Yirgacheffe Adorsi G1,4
Costa Rica Brunca Rivense La Guaca Passion Honey,4
Burundi Dukorerikawa Natural,4
Ethiopia Bedhatu Washed,4
San Antonio Guatemala,4
KonAroma Direct Trade Kona,4
Gayo Aceh Sumatra,4
Finca Patzibir,4
Ethiopia Guji Hambela Wate Natural G1,4
Panama Finca Mi Finquita Geisha Afrodita Natural,4
Rwanda Natural Musasa,4
Villa Loyola Carbonic Maceration,4
Kona Maragogype Pink Honey,4
Colombia Huila Finca Monteblanco Rodrigo Sanchez,4
Suyusama Program Colombia,4
Costa Rica Finca San Luis,4
Guatemala CODECH Women’s Lot,4
Tanzania AA Karatu Estate,4
Shut-Eye Decaf,4
Zambia AAA/AA,4
Ka’u Yellow Caturra Champagne Natural,4
Maypop,4
Alishan Natural,4
Panama Auromar Geisha Natural,4
Angamaza,4
Brazil Mogiana Aparecid Farm,4
Alishan Washed,4
Ethiopia Washed Shakisso Mormora 74112,4
Thung Chang Robusta Honey,4
Buzira Burundi Natural,4
Refisa Ethiopia,4
Panama Finca Lerida Geisha Washed,4
Yemen Haraaz,4
Kuta Kofi Papua New Guinea,4
Guatemala Maravillas,4
Esmeralda Estate Porton Geisha Natural,4
Colombia La Esperanza 100% Geisha Hanashaku,4
Hacienda La Esmeralda Montañas 71AS,4
Nicaragua Mierisch Finca La Huella Yellow Pacamara Honey,4
Guatemala Monja Blanca,4
Cuxinales Guatemala,4
Finca Insul Guatemala Pacamara,4
Kenya Kariru PB,4
Quejina Guatemala,4
Ethiopia Yirgacheffe Heyilu Butiya,4
Guatemala Huehuetenango La Garita,4
Ethiopia Guji Hambela G1 Natural,4
Costa Rica Francisco Ruiz,4
Guatemala Guaya’B Coop,4
Private Reserve Guatemala Medina Estate,4
Natural Ka’u Maragogipe,4
Guachepelin Costa Rica,4
Cerro Azul Geisha,4
Esperanza Villa Sarchi,4
Ethiopia Suke Quto,4
Ethiopia Demeka Becha,4
Project Congo Muungano,4
Finca El Potrero,4
Rwanda Hingakawa Women’s Co-op Fair Trade,4
Honduras Catuai/Bourbon,4
Ethiopia Konga,4
La Papaya Ecuador,4
Costa Rica Las Lajas Black Honey,4
Congo Square,4
Kenya Washed Nyeri Hill Farm AA Top,4
D.R. Congo Muungano Co-Op,4
Hacienda La Esmeralda Geisha Panama,4
Guatemala Los Santos,4
Brasil Ipanema Premier Cru Gold B69 Natural,4
Taiwan Washed Alishan Ching-Ye Farm SL34,4
Brazil Ouro de Minas Pulped Natural,4
Ethiopia Sidama Bensa Bekele,4
Maui Kupa’a Orange Bourbon,4
Mexico La Cañada Oaxaca Organic,4
Umoja Organic Red Bourbon,4
Ethiopia Guji Chembi,4
Mexico FTO,4
Colombia Granja La Esperanza Las Margaritas Gesha Honey,4
Costa Rica Naranjo Danilo Salazar Arias,4
Organic Red Honey Ramirez Estate Microlot,4
Colombia Beasaquito,4
Honey Typica Anaerobic,4
Ethiopia Sidamo Karamo,4
Honduras Atanacio Nolasco,4
Hawai’i Ka’u Champagne Natural,4
Aponte Colombia,4
Kona K7,4
Brazil Para Ela Natural,4
Ethiopia Uraga Dambi Uddo Wet-Fermented,4
Burundi Gitwe Natural Bourbon,4
Ethiopia Hambela Benti G1 Washed,4
Kenya Nyeri Muchoki Estate AA,4
Costa Rica Salazar Black Honey,4
Kenya Nyeri Karuthi AA,4
Winer,4
Ethiopia Harrar,4
Taiwan Taitung Luan Mountain Valley of Tears,4
Ecuador Finca Carolina Fausto Romo,4
China Yunnan Natural,4
Honeydew Costa Rica,4
Guatemala Acatenango,4
Rwanda Simbi,4
Caribbean Blue,4
Zafiro,4
Ethiopia Duromina,4
Papua New Guinea Kenta,4
Sumatra Gayo King Mandheling,4
Ethiopia Tamiru Tadesse Natural,4
Rum Barrel Aged Kauai Coffee,4
Bolivia Yungas Caranavi Finca Las Alasitas Peaberry,4
Kenya Zuri,5
Ethiopia Danse Mormora,5
Philippine Heritage Microlot,5
Ethiopia Natural Shakisso Mormora 74112,5
Ecuador Loja Hacienda La Papaya Bourbon Sidra 168hr Anaerobic Natural,5
Sidamo Suke Quto,5
Colombia Cumbarco Lot 397,5
Ethiopia Gedeb Worka Single Variety 74110 G1,5
Kenya Kahunyo AA,5
Fruits Island,5
Panama Esmeralda Geisha Natural,5
Costa Rica Las Montañas Honey,5
Ethiopia Reko Estate Yirgacheffe,5
Ecuador Eugenioides Natural Finca Perla Negra,5
Ethiopia Wush Wush,5
Guatemala ASPROCDEGUA Women Producers,5
Ethiopia Natural Guji Sweet Lady,5
Kona SL34 Champagne Natural Uluwehi Farm,5
El Salvador Unicorn,5
Ethiopia Wush Wush Black Honey Lot 2,5
Kenya Embu Uteuzi Jimbo,5
El Salvador Finca Santa Elena El Corozo Pacamara,5
Static Peru Valle de Chingama Peru,5
Brazil Conquista,5
Proyecto Aurora,5
Sulawesi Toarco,5
Gahahe Burundi Natural,5
ASOPEP Colombia,5
Kenya Ritho FCS Handege Factory AB,5
Ethiopia Sidama Tamiru Tadesse Anaerobic Natural Special Auction Lot,5
Kenya AA Top Lot,5
Karimikui Kenya,5
Hacienda La Esmeralda Cabana Geisha Natural,5
Adanech Ethiopia Guji,5
Guatemala Huehuetenango,5
Ethiopia Yirgacheffe G1 Chachale Natural,5
Alemu Bukato Ethiopia,5
El Aguila SL28 El Salvador,5
Ethiopia Natural Yirgacheffe Burtukaana Danche,5
Kenya Gitare AA TOP,5
Colombia Tolima Finca El Mirador Washed Anaerobic,5
Kenya Chorongi Peaberry,5
Ethiopia Idido Anaerobic Natural,5
Colombia Finca Santa Maria Honey Tabi,5
Estate Carbonic Maceration,5
Civet Yirgacheffe Sisota,5
Rwanda Remera Kabeza,5
Guatemala Retiro Natural Process,5
Yemen Natural Sana’a Manakhah Ja’adi,5
Sumatra Mandheling,5
Granja La Esperanza Sudan Rume Natural,5
Narsha Gesha,5
Ethiopia Yirgacheffe Koke,5
Monteverde Costa Rica,5
Don Roger & Isabel’s Natural Fruit Symphony,5
Lycello by Ninety Plus,5
Static Peru Cajamarca,5
Burundi Nemba,5
Rwanda Bufcafe Remera,5
Kenya Kiandu Peaberry,5
Goddess Costa Rica Dota Tarrazu Geisha Natural,5
Baru Gesha,5
Rwanda Agasaro,5
Ethiopia Worka Sakaro,5
Banco Gotete Ethiopia,5
Ethiopia Guji Hambela Buku Saysa Natural Process,5
Bean Series Ethiopia Guji Raro,5
El Salvador,5
Coffea Diversa Cioiccie,5
Murang’a Kenya,5
Haitian Hound Haitian Blue Dark Roast,5
Panama Auromar Camilina Geisha Natural,5
Trident Carmo de Minas,5
Chelchele Ethiopia,5
Honeyed Floral,5
Karamo Ethiopia Sidama Natural G1,5
Chania Kenya,5
Ethiopia Gigesa Natural,5
Ethiopia Konga Natural,5
Kenya Kiambu Peaberry Uklili 1904 Lot,5
Ethiopia Bidimoo Chelelektu Natural,5
Colombia Cauca Finca El Paraiso Double-Anaerobic Flor Lychee,5
Hawaiian Kona 100%,5
Geisha Spirit,5
Ethiopia Hambela Dabaye,5
Ethiopia Gugi,5
Ethiopia Benti Nenka Dry Process,5
Porfirio Castellanos Honduras,5
Ethiopia Sidamo Bensa Washed G1,5
Rwanda Mushonyi Natural,5
Ethiopia Kochere Natural,5
Rwanda Kanzu,5
Colombia Sudan Rume,5
Kenya Gichithaini AA,5
Ethiopia Guji Uraga More Floral Kudume Washed,5
Huta Raja Natural,5
Ecuador Pichincha Finca Flora,5
Ethiopia Nano Genji,5
Ethiopia Natural Guji TAMIRU 74158 Kakalove Lot,5
Finca Cerro Azul Aces Lot,5
Chiapas Chimhucum Semi-Washed,5
Mexico Chiapas Las Margaritas Pache Natural,5
Colombia Cerro Azul Enano,5
Birhanu Sisters’ Ethiopia,5
Brazil Red Catuaí Double-Anaerobic,5
Hunapu Natural Guatemala,5
Ecuador Finca Cruz Loma,5
Ethiopia Sidamo G2 Washed,5
Kenya Kiambu Kiriga AA,5
Ethiopia Bench Maji Natural Gesha,5
Kona Pumpkin Spice Anaerobic,5
CBD Coffee Dark Roast,5
Sumatra Dark,5
Panama Elida Green-Tip Geisha La Torre ASD,5
Miranda’s Farms Hawai’i Caturra,5
Uganda Utz Sipi Falls,5
Kenya ARES,5
Kenya Kirinyaga,5
Colombia Pink Bourbon Finca El Chaparote,5
Brazil Daterra Aramosa Anaerobic Honey,5
Guatemala Acatenango Gesha,5
Estate Finca La Lina,5
Lugmapata Ecuador,5
Kona Pink Honey Black Rock Farm,5
Macarena Colombia,5
Pointu Laurina,5
Suyusama Colombia,5
Organic Peru,5
Amazon Haze,5
Rwanda Nyruzisa Station,5
Ethiopia Gora Kone Sidamo,5
Ethiopia Guji Anaerobic,5
Kona Mocca®,5
Natural Mexico Ixhuatlan del Cafe,5
Ethiopia Duromina Agaro Gera,5
La Estrella Carbonic Geisha Reserve,5
Ecuador Taza Dorada Finca Cruz Loma,5
Kenya Karatina AA 2020,5
Papua New Guinea “Papa Kinne”,5
Ethiopia Nano Genji #10,5
Peru Yanesha Geisha Double-Anaerobic,5
Kona Bourbon Champagne Natural Uluwehi Farm,5
Colombia Jorge Eli Dussan,5
Ethiopia Kochere G1,5
El Salvador Santa Elena Pacamara,5
Kenya Kirinyaga Peaberry,5
Colombia Huila Palmera,5
Guatemala Las Victorias Euphora Special Lot,5
Ka’u Peaberry Hawai’i,5
Tanzania Shimiligwanda,5
Ethiopia Yirgacheffe G1,5
Ethiopia Kochere Boji,5
Geisha,5
Colombia Finca Las Margaritas Natural Sudan Rume,5
Cocaine for Coffee,5
Taiwan Alluring Scent Estate Natural,5
Revolution Medium Roast,5
Ethiopia Yirgacheffe Dumerso G1 Natural,5
Colombia Caturra Anaerobic Natural,5
Peru Chacra Don Dago,5
Ethiopia Keramo Zero Oxygen Natural,5
Guatemala Santa Felisa Solar Eclipse Gesha Natural,5
Magic Cat Kenya Civet AFCA TOH NO.2 Gatuya Factory New Murarandia AA,5
Colombia Aromas de Sur,5
Costa Rica Termico,5
Dafis Abafita Natural Ethiopia,5
Kona Geisha Champagne Natural,5
Kenya Gakuyuini AA,5
Colombia Java El Edén Limited Edition,5
Kenya Kirinyaga Baragwi Karumandi AA,5
Hawai’i Puna Anaerobic Washed,5
Ethiopia Bedhatu Natural,5
La Coipa Peru,5
Ethiopia Karamo Natural,5
Peru Tambopata,5
Ka’u Pink Honey,5
Ecuador Finca Lugmapata Mejorado,5
Organic Sumatra,5
Colombia La Gallera Estate,5
Colombia Finca El Paraiso,5
Aces La Juntas,5
Colombia Finca Potosi,5
Kaguyu,5
Ardent Ethiopia Natural,5
Kenya AA FAQ,5
Sumatra Batak Triple-Picked,5
Finca La Maria Geisha Natural,5
Colombia Pink Bourbon/Pink Lemonade Collaboration,5
Ethiopia Olonso Qeka,5
Guatemala Campamento Alto,5
Brazil Gauriroba Natural,5
Guatemala Geisha,5
Brazil Sítio Ponte Fazenda Ponte,5
Ethiopia Guji Natural Water-Processed Decaf,5
Marsella Gesha #108 (Innovation Series),5
Galapagos La Tortuga,5
Ethiopia Buku Abela,5
Ethiopia Yirgacheffe Harfusa G1,5
Kenya 168,5
Rwanda Abakundakawa,5
Ethiopia Yirgacheffe Kochere Sheferaw Jigeso Beraso,5
Tanzania Gesha Peaberry,5
Guatemala El Mirador,5
Guatemala Finca El General Slow Dry 6,5
Guatemala Pache,5
Medina Natural,5
Guatemala Finca Granada Natural,5
Wood Valley Single Estate Ka’u,5
Guatemala Antigua Bella Carmona,5
Costa Rica Brunca Rivense Las Moras Black Honey,5
Costa Rica Canet Musician Series Bach Raisin Honey,5
Ethiopia Yirgacheffe Konga Natural,5
El Salvador Pacamara,5
Kenya Kamwangi,5
Elida Estate ASD Natural Catuai 15,5
Ethiopia Belayneh Bariso Natural,5
Minanga Village Sulawesi,5
Peru Amazonas Los Santos Geisha Natural,5
Yemen Sheba Auction Lot 1: Wadi Al Mahjr,5
Kenya Kapsakiso,5
SGG Ethiopia Sidamo G2,5
La Perla Chiquita Ecuador,5
Baby Dragons,5
Colombia Trujillo Experimental Process,5
Monte Alban Mexico,5
Ethiopia Worka Sakaro Anaerobic Natural,5
Kenya Tuikit Factory AA,5
Ecuador San José de Minas Double-Anaerobic,5
Ethiopia Guji Shakiso G1 Honey,5
Ethiopia Kayon Mountain Natural,5
Ethiopia West Arsi Nensebo Natural G1,5
Rayo del Sol Peru,5
Ethiopia Gedeb Worka Wuri,5
Ethiopia Biloya Washed G1,6
Ethiopia Bench Maji Geisha G1 Natural,6
Ethiopia Chelbesa Danche Yirgacheffe,6
Colombia Buesaco,6
Medium-Dark Roast,6
Kenya Murunga New Gatanga FCS Mukurwe Factory AB,6
Reina de la Asuncion Ecuador,6
Acatenango Pacamara Natural,6
Colombia La Esperanza Potosí Anaerobic Process,6
Colombia Cerro Azul Geisha,6
Ethiopia Yirgacheffe Gotiti Natural,6
Ethiopia Birbisakela Washed G1,6
Double-Anaerobic Fermentation Tamiru Tadesse,6
Guatemala Coffea Diversa Geisha Queen Honey,6
Kenya Nyeri Hill,6
Kenya Gachatha AB,6
Colombia Sidra,6
Colombia La Esperanza Winey Natural,6
Colombia Geisha Natural,6
David Mburu Kenya,6
Guatemala Finca El Principito Yellow Catuai,6
Kabiufa Papua New Guinea,6
Peru El Corazon Gesha,6
Bat Country Dark Roast Ethiopia,6
Kinini Village Rwanda,6
“Naturals”,6
Congo Umoja,6
Bedhatu Jibicho Natural,6
Ka’u Yellow Bourbon,6
Eaagads Estate Kenya,6
Independence Dark Roast,6
Ethiopia Tadese Yonka,6
Tanzania Ngila Estate,6
Ulos Batak Sumatra,6
Tumba Rwanda,6
Panama Geisha Finca Debra Symbiosis,6
Peru Finca Churupampa,6
Moonbow Decaf,6
414 Kenya SL34,6
Kiamugumo Kenya,6
Panama Geisha,6
Ethiopia Guji Sakicha JH144,6
Alishan Taiwan,6
Kenya Nyeri Kiandu AA,6
Kenya Nyeri Gachatha Washed AB,6
Ethiopia Gogogu Bekaka #1,6
Kenya Kiambu,6
5a Sur,6
Ethiopia Guji Shakiso Dambi Udo Honey,6
Ethiopia Limu Washed,6
Peru Yanesha Geisha Washed Anaerobic,6
Peru Wilmer Alarcon Mirez,6
Ethiopia Washed Sidama Bensa Bombe,6
Ethiopia Kochere Debo Washed Gellana,6
Ethiopia Guji Uraga Yabitu,6
Rwanda Cyesha Natural,6
Organic Dulce de Guatemala,6
Philippines Sitio Belis,6
Kona Maragogype Peaberry Natural,6
Private Reserve Colombia Antioquia,6
Panama Elida Estate Catuaí Natural ASD,6
Ethiopia Guji Wush Wush Anaerobic Natural,6
Ethiopia Niguse Gemeda Mude Natural,6
El Salvador La Lagunita,6
Brazil Carmo de Minas Natural,6
100% Kona Bourbon Pointu Laurina,6
El Obraje Geisha,6
Rwanda Cyato,6
Rwanda Rulindo Tumba,6
Laura’s Reserve SL34,6
Rwanda Akagera CWS Fully Washed Lot 9,6
Ethiopia Keramo Village,6
Burundi Kinyovu,6
Brazil Fazenda São Bento,6
5a Poniente,6
Private Reserve Rwanda Huye,6
Ethiopia Hambela Hasam,6
Ethiopia Guji Natural Dasaya,6
Colombia Cafe Granja La Esperanza Sidra Natural,6
Congo Kivu,6
Guatemala Cobán Chicoj Cooperative Red Honey Fair Trade,6
Ethiopia Sidama Bensa Farmer Tamiru 74158 Natural,6
Ethiopia Super Wush,6
La Providencia Guatemala Maragogype,6
Kona Uluwehi SL34,6
Ethiopia Getu Kurume Natural,6
Acatenango Santa Felisa Wild Yeast Natural Sudan Rume Full Moon Lot 4,6
Guji Ethiopia Washed,6
Finca Huixoc Maracaturra,6
Ethiopia Guji Hambela Buku Abel Slow Dry Natural 2400m,6
Kona Extra Fancy,6
Gura Kenya,6
Honey Honduras Comsa,6
Kenya Baragwi Thimu Peaberry,6
Ethiopia Yirgacheffe Washed Banko Gotiti 3,6
Ethiopia Nano Genji #5,6
Kenya Kainamui,6
Ethiopia Yirgacheffe Aramo,6
Kenya Nyeri Ndaroini AA Washed,6
Guatemala Finca Las Victorias Anaerobic Natural,6
Subrosa Ethiopia Kayon Mountain Organic Natural,6
Costa Rica Gesha Tobosi Natural,6
Colombia Wush Wush,6
Bekele Heto Natural Ethiopia,6
Kenya Gachatha,6
Guatemala Bella Carmona,6
Sumatra Lintong Triple-Picked Reserve,6
El Salvador Finca Kilimanjaro,6
Panama Boquete Torre Lot #1 Geisha Honey,6
Coffea Diversa Bourbon Rey Jamaica,6
El Salvador Aida Batlle La Florida Natural,6
Vietnam Robusta Carbonic Maceration,6
Mexico Mayan Village Women’s Lot,6
Honduras Finca Don Eusebio,6
Panama Hacienda La Esmeralda Geisha Washed,6
Guatemala El Plan Rosma,6
Olvin Valle Honduras,6
Tarrazu Asocafé Canet,6
Costa Rica Perla Negra,6
Panama La Mula Geisha Washed,6
Ethiopia Yirgacheffe Natural Farm Direct,6
Kibingo Burundi,6
Kenya Karatu,6
Ka’u Classic Dark,6
Panama Hacienda La Esmeralda Porton 5N49 Gesha Natural,6
Odin’s Viking Brew,6
Sumatra Boru Batak,6
Sumatra Takengon Gayo Natural,6
Colombia Los Pinos Robeiro Sarmiento,6
El Jardin,6
Democratic Republic of Congo Mighty Peace Mapendo,6
Kenya Nyeri Jungle Estate Red Cherry SLD Anaerobic Natural,6
Kenya Washed Kabingara AA,6
Ethiopia Limu Lema Edeto,6
Tio Conejo Colombia,6
Ethiopia Bensa Asefa Qonqana,6
Panama Hacienda La Esmeralda Super Mario 6 Geisha,6
Kenya Kiambu Maua Lot AB,6
Panama Hacienda La Esmeralda Super Mario Geisha Yeast Washed,6
Canet Musician Series Mozart Raisin Honey,6
Ethiopia Limu Nano Challa Lot #10,6
Barokah Honey Sumatra,6
Kenya Gakundu FCS Kamviu Wet Mill,6
Pantan Musara Sumatra,6
Ethiopia Kayon Mountain (Washed),6
Ethiopia Guji Bishala,6
Kenya AB Top,6
Kerinci Palompek Sumatra,6
Guatemala Vista Al Bosque,6
Brazil Legender Sitio Taquara Natural,6
Costa Rica Luis Campos Anaerobic,6
Kenya Muiri Estate,6
Decaf Colombia Finca Las Nubes,6
Kenya Embu Gicherori Factory AA Top,6
Colombia Huila Los Lagos Washed Geisha,6
Red Bourbon Washed,6
Brazil Natural Veloso Estate,6
"Gary & Valerie, Kona",6
Colombia UVI Cochidas,6
Rwanda Hingakawa Women’s Co-op,6
Rwanda Gatare,6
Ignacio Quintero Colombia,6
Ethiopia Dame Dabaye,6
Honduras Finca La Joya Natural,6
Kenya Kiri Peaberry,6
La Lindura Colombia,6
Glory Days,6
Flores Peru,6
Colombia Finca El Roblar,6
Kenya Nyeri Hill Farm AA TOP,6
Finca La Montana Costa Rica,6
Philippines Sitio Belis 1017,6
Ka’u Classic Medium Roast,6
East Fourteenth,6
Costa Rica Coffea Diversa Washed Geisha,6
Nicaragua La Benedicion SL28 Natural,6
Guatemala Dark Roast FTO,6
Colombia,6
Colombia Finca La Guaca Ají,6
Mexico Altura Natural Water Process Decaf,6
Geisha Veracruz,6
Finca El Jardin Guatemala,6
Panama Elida Green Tip Gesha Natural,6
Magic Cat Civet Ethiopia Sidamo Shantwene Litchi Rose Washed,6
Ethiopia Sidama Bona Washed G1,6
Coffea Diversa Yellow Dalle Honey,6
Ethiopia Guji Hambela Dabaye,6
Capitan Maragogype,6
Ka’u Yellow Caturra Anaerobic Natural,6
Wush Wush,6
Camilina Geisha,6
Ethiopia Durato Bombe,6
Colombia Sidra Natural Signature Selection,6
2020 Savage Auction Deborah Carbonic-Macerated Natural Geisha,6
Bowstring Christmas Blend,6
El Salvador Las Veraneras Red Bourbon,6
Peru Yanesha Geisha,6
Medium Roast,6
Kenya Giakanja,6
Zambia Kateshi Natural Process,6
‘Ōpio Kona,6
Peru Antonio Regalado Diaz El Huyacan La Palma,6
Honduras El Retono,6
Costa Rica Naranjo Cattleya,6
Kona SL34,6
Laura’s Reserve SL-28,6
Colombia Planadas,6
Hawai’i Ka’u Classic Dark,6
Guatemala Finca Buena Esperanza,6
Colombia La Riviera Sudan Rume,7
Gedeb Yirgacheffe Ethiopia,7
Ethiopia Guji Uraga Tebe Burka Natural G1,7
Ecuador Pichincha Typica,7
Ethiopia Guji Mormora Organic Natural,7
Kenya AA Kirinyaga Kii,7
Guoxing Taiwan Coffee,7
Colombia Antioquia La Papaya Bourbon Chiroso,7
Panama Finca Santa Teresa,7
Kenya Ndnunduri,7
Nicaragua Sabino Maria,7
Yemen Microlot,7
Tanzania Mbeya Mimba,7
Burundi Long Miles Coffee Project Natural,7
Long Miles Coffee Project Nkonge Hill Burundi Red Honey,7
Alamendah Patuha Coffee,7
Organic Panorama,7
Honduras Copan Finca Liquidambar Natural Process,7
Organic Ethiopia Chelbessa Danche,7
Ka’u Red Caturra Peaberry,7
Ka’u Red Caturra,7
Ethiopia Suke Quto Honey,7
Gigesa Ethiopia,7
Kenya Kirinyaga Mukangu AB,7
El Salvador Finca Mileydi Pacamara,7
100% Kona Bourbon,7
Colombia Bandida Lactic Natural,7
Ethiopia Shakiso,7
Ethiopia Yirgacheffe Kochere Debo Premium Lot Washed Process,7
Uganda Organic Sipi Falls Honey,7
Colombia Pink Bourbon Farmer Collaboration,7
El Duende Peru,7
Ethiopia Yirgacheffe Kochere Debo,7
Ethiopia Banko Gotiti Natural,7
La Belleza Colombia,7
Ethiopia Guji Gigessa,7
Ethiopia Bench Maji Gesha Village Oma Geisha 1931 Lot 55 Natural,7
Colombia Aponte’s Guardians,7
Kenya SHI,7
Kenya Ndumberi Peaberry,7
Mexico Pluma Hidalgo,7
Kona Medium Roast,7
Kenya Ngaita Peaberry,7
Ethiopia Guji Goro Muda Washed G1,7
Kivu Belt Lot 32 Rwanda,7
Rwanda Kiroero,7
Ethiopia Natural Guji PB JackyLai Lot,7
Rwanda Bumbogo,7
Panama Geisha Finca Debra Vivid,7
Thailand Omkoi Sopa’s Estate,7
Tade GG Ethiopia Red Cherry,7
Kenya Riakiberu AB,7
"Salvador, Kona",7
Yemen Al-Obbarat,7
Indestec El Paraiso,7
Rwanda Gatare Namasheke,7
Coffea Diversa Costa Rica Sudan Rume,7
Ethiopia Banko Gotiti Natural G1,7
Colombia Exótico De Altura,7
Pena Blanca Black Honey,7
Ethiopia Gediyo Yirgacheffe Gedeb Worka Banko Gotiti Natural,7
Lover’s Quarrel,7
Panama Baru Geisha Honey by Joseph,7
Ecuador Finca La Papaya,7
Ethiopia Hambela G1,7
Colombia San Pedro,7
Ethiopia Yetagesu Bulebula,7
Peru Aproselva,7
Ethiopia Guji Uraga Tebe Burku Natural,7
Nicaragua La Bendicion Yellow Maracaturra Natural,7
Sumatra Yellow Bourbon,7
Kenya Gichathaini,7
Costa Rica Tarrazu Hacienda La Pradera,7
Peru Finca Ecológica Agua Colorada,7
Meridiano Ecuador,7
Kona Maragogype,7
Guatemala Finca San Gerardo,7
Kenya Gatugi AB,7
Colombia Finca La Loma Microlot,7
Ethiopia Grade 1 Chelchele,7
Peru Gesha,7
Mexico Maya Vinic,7
Guatemala La Voz,7
Kenya Nyeri AA Ichuga,7
Ethiopia Sidamo Sasaba,7
Ethiopia Sidamo Natural Water Decaf,7
Kenya Ichuga AA,7
Colombia Monteblanco Geisha,7
The Aurora Project,7
Colombia Chiroso Natural,7
Nayamasasa Democratic Republic of the Congo,7
El Salvador Loma La Gloria Black Honey,7
Select Reserve Guatemala El Aceituno “El Bonito” Microlot,7
Sidama Extreme Papilio Washed,7
Colombia Nariño,7
Kanyonyi Coffee Blend,7
Belquis Ramirez Lemus Colombia Coffee for Peace,7
Ethiopia Yirgacheffe Awassa,7
Ethiopia Honey Yirgacheffe Idido G1,7
Trust the Process — Full Natural,7
SL28,7
Kona Peaberry,7
Ethiopia,7
Kivu DR Congo,7
Kenya AA Top Gatomboya,7
Jlove99,7
Ethiopia Guji Goro Bedessa,7
La Union (Colombia),7
Asprole Blend #1 Colombia Coffee for Peace,7
Addis Katema,7
Panama Auromar Ironman Geisha Washed Process,7
Ethiopia Guji Uraga Washed,7
Guji Oraga Tabe,7
Ethiopia Djimma Gera Anaerobic,7
Memories of Autumn,7
Guatemala Acatenango Geisha,7
Ethiopia Quantit,7
Nicaragua Women Producers,7
El Salvador Malacara B Orange,7
Ethiopia Reko,7
Colombia El Sauce,7
Vietnam Cau Dat Mercafe Lotus,7
Taiwan Songyue Geisha,7
Colombia Hacienda Casablanca,7
Panama Finca Santa Teresa Lot 9,7
Private Reserve Costa Rica Naranjo,7
El Socorro Maracaturra,7
Guatemala Hunapu,7
Kona Classic Dark,7
Guatemala Reserve Las Moritas Yellow Pacamara,7
Guatemala Pacamara Natural,7
Ethiopia Guji Girma Natural,7
Monarch Estate Hawaiian Gesha,7
Peru Paltachayoc,7
Colombia Narino Excelsio,7
Ethiopia Deri Kochoha,7
Ethiopia Yirgacheffe Natural Grade 1,7
Panama La Viuda Natural Geisha 4 Hermanos,7
Colombia Finca La Loma Antonio Gualguan,7
Ethiopia Sidamo Bensa Natural Single-Variety Kurume G1,7
Kenya Nyeri Othaya Gura AA,7
Cerro Azul Geisha Honey Process,7
Costa Rica La Pastora,7
La Esmeralda Diamond Mountain Washed Coffee,7
Costa Rica Esteban Zamora,7
Kenya Kiambu AB Uklili 1903 Lot,7
Colombia La Guamera Honey,7
El Salvador Las Mercedes Pacamara Honey,7
Love of Desolate,7
100% Organic Specialty Arabica,7
Colombia Huila Acevedo El Paraiso,7
K7 Sweet Spot,7
Ecuador Peñaherrera AAA,7
Norte Peru,7
Kenya Nyeri Nudurutu Factory AB,7
Sahara Sunrise,7
Ethiopia Yirgacheffe Adado,7
Kenya Ndaroini,7
Ethiopia Guji,7
Ethiopia Girma Eshetu,7
Finca Santa Isabel Guatemala,7
Ethiopia Yirgacheffe Botabaa Washed,7
Ethiopia Sidama Sasaba Natural,7
Kenya AA Kirinyaga,7
Ethiopia Limu,7
ASOPAP Colombia,7
Yellow Caturra (special lot),7
Tablon La Cima,7
Kenya Kabare AA,7
Green-Tip Geisha,7
Kenya Kabare Konyu,7
Las Brisas Colombia,7
Tanzania Ngorongoro Ridge Peaberry,7
Ethiopia Hambela Natural Organic,7
Colombia Pink Bourbon Honey,7
Honduras Marcala,7
La Union,7
Feku Double,7
Ethiopia Hambela Natural,7
Papua New Guinea Tsekaka,7
Ethiopia Guji Uraga,7
Ethiopia Dry-Process Guji Hambela,7
Peru,7
Kenya Nyeri Maganjo AB,7
